Gene_Name	Geneid_Name	log2FoldChange	pvalue	padj	Full Name	URL
Xrcc3	Xrcc3	-0.289596924926362	6.22029467898022e-07	0.0019190812205802	X-ray repair complementing defective repair in Chinese hamster cells 3(Xrcc3)	https://davidbioinformatics.nih.gov/api.jsp?type=ENTREZ_GENE_ID&ids=74335&tool=geneReport
Rnf4	Rnf4	0.105036711763991	1.49527255334178e-06	0.0031128251732679	ring finger protein 4(Rnf4)	https://davidbioinformatics.nih.gov/api.jsp?type=ENTREZ_GENE_ID&ids=19822&tool=geneReport
Wee1	Wee1	0.1746050297747	2.25643866689626e-06	0.0040773098407519	WEE 1 homolog 1 (S. pombe)(Wee1)	https://davidbioinformatics.nih.gov/api.jsp?type=ENTREZ_GENE_ID&ids=22390&tool=geneReport
Nr4a1	Nr4a1	0.432546517025328	3.50666999239745e-06	0.0046929263555399	nuclear receptor subfamily 4, group A, member 1(Nr4a1)	https://davidbioinformatics.nih.gov/api.jsp?type=ENTREZ_GENE_ID&ids=15370&tool=geneReport
Hdac7	Hdac7	-0.256441051103814	1.45280140741204e-05	0.0118346465953356	histone deacetylase 7(Hdac7)	https://davidbioinformatics.nih.gov/api.jsp?type=ENTREZ_GENE_ID&ids=56233&tool=geneReport
Srp68	Srp68	0.0948420599734978	2.08434375187493e-05	0.0119569780375895	signal recognition particle 68(Srp68)	https://davidbioinformatics.nih.gov/api.jsp?type=ENTREZ_GENE_ID&ids=217337&tool=geneReport
Aqr	Aqr	0.106254629120984	2.0690919811762e-05	0.0119569780375895	aquarius(Aqr)	https://davidbioinformatics.nih.gov/api.jsp?type=ENTREZ_GENE_ID&ids=11834&tool=geneReport
Rbm4b	Rbm4b	-0.176595932376332	1.90571968360958e-05	0.0119569780375895	RNA binding motif protein 4B(Rbm4b)	https://davidbioinformatics.nih.gov/api.jsp?type=ENTREZ_GENE_ID&ids=66704&tool=geneReport
Fos	Fos	0.619911425087992	1.83990128106291e-05	0.0119569780375895	FBJ osteosarcoma oncogene(Fos)	https://davidbioinformatics.nih.gov/api.jsp?type=ENTREZ_GENE_ID&ids=14281&tool=geneReport
Egr2	Egr2	0.599209471263157	1.68850847818551e-05	0.0119569780375895	early growth response 2(Egr2)	https://davidbioinformatics.nih.gov/api.jsp?type=ENTREZ_GENE_ID&ids=13654&tool=geneReport
Dusp5	Dusp5	0.222190379782356	1.65498275256874e-05	0.0119569780375895	dual specificity phosphatase 5(Dusp5)	https://davidbioinformatics.nih.gov/api.jsp?type=ENTREZ_GENE_ID&ids=240672&tool=geneReport
Ccdc62	Ccdc62	-0.292479327431841	1.57026726831523e-05	0.0119569780375895	coiled-coil domain containing 62(Ccdc62)	https://davidbioinformatics.nih.gov/api.jsp?type=ENTREZ_GENE_ID&ids=208908&tool=geneReport
Zc3h3	Zc3h3	-0.126246780205803	2.43752044023674e-05	0.0123422266368512	zinc finger CCCH type containing 3(Zc3h3)	https://davidbioinformatics.nih.gov/api.jsp?type=ENTREZ_GENE_ID&ids=223642&tool=geneReport
Anxa9	Anxa9	-0.32471283429245	2.94791078536548e-05	0.0138080141186519	annexin A9(Anxa9)	https://davidbioinformatics.nih.gov/api.jsp?type=ENTREZ_GENE_ID&ids=71790&tool=geneReport
Dffb	Dffb	-0.25572970973985	3.10102131587586e-05	0.0141709110668903	DNA fragmentation factor, beta subunit(Dffb)	https://davidbioinformatics.nih.gov/api.jsp?type=ENTREZ_GENE_ID&ids=13368&tool=geneReport
Pes1	Pes1	0.109792743599389	4.46124789006551e-05	0.0163894000918171	pescadillo ribosomal biogenesis factor 1(Pes1)	https://davidbioinformatics.nih.gov/api.jsp?type=ENTREZ_GENE_ID&ids=64934&tool=geneReport
Prc1	Prc1	-0.246946352375549	5.49374754142588e-05	0.017590920241666	protein regulator of cytokinesis 1(Prc1)	https://davidbioinformatics.nih.gov/api.jsp?type=ENTREZ_GENE_ID&ids=233406&tool=geneReport
Zfp180	Zfp180	0.0897927236429927	5.65027814377569e-05	0.017590920241666	zinc finger protein 180(Zfp180)	https://davidbioinformatics.nih.gov/api.jsp?type=ENTREZ_GENE_ID&ids=210135&tool=geneReport
Sbds	Sbds	0.101960804908758	5.05381445445999e-05	0.017590920241666	SBDS ribosome maturation factor(Sbds)	https://davidbioinformatics.nih.gov/api.jsp?type=ENTREZ_GENE_ID&ids=66711&tool=geneReport
Psmd8	Psmd8	0.0822263913778569	6.00253952778868e-05	0.017590920241666	proteasome (prosome, macropain) 26S subunit, non-ATPase, 8(Psmd8)	https://davidbioinformatics.nih.gov/api.jsp?type=ENTREZ_GENE_ID&ids=57296&tool=geneReport
Zfp84	Zfp84	0.128297256842936	6.02704448812825e-05	0.017590920241666	zinc finger protein 84(Zfp84)	https://davidbioinformatics.nih.gov/api.jsp?type=ENTREZ_GENE_ID&ids=74352&tool=geneReport
Neil1	Neil1	-0.240139760124915	6.58143828449618e-05	0.0186833072270183	nei endonuclease VIII-like 1 (E. coli)(Neil1)	https://davidbioinformatics.nih.gov/api.jsp?type=ENTREZ_GENE_ID&ids=72774&tool=geneReport
Mapk12	Mapk12	-0.284827314773605	7.07757523953049e-05	0.0189476536010459	mitogen-activated protein kinase 12(Mapk12)	https://davidbioinformatics.nih.gov/api.jsp?type=ENTREZ_GENE_ID&ids=29857&tool=geneReport
Cdc5l	Cdc5l	0.147299475554352	7.18621219949973e-05	0.0189476536010459	cell division cycle 5-like(Cdc5l)	https://davidbioinformatics.nih.gov/api.jsp?type=ENTREZ_GENE_ID&ids=71702&tool=geneReport
Nudc	Nudc	0.0940752909786067	7.28133571346769e-05	0.0189476536010459	nudC nuclear distribution protein(Nudc)	https://davidbioinformatics.nih.gov/api.jsp?type=ENTREZ_GENE_ID&ids=18221&tool=geneReport
Rreb1	Rreb1	-0.31628370735606	8.06299358366089e-05	0.0196192529588923	ras responsive element binding protein 1(Rreb1)	https://davidbioinformatics.nih.gov/api.jsp?type=ENTREZ_GENE_ID&ids=68750&tool=geneReport
Snrnp35	Snrnp35	0.154192626898442	9.05670731707933e-05	0.0206412281816816	small nuclear ribonucleoprotein 35 (U11/U12)(Snrnp35)	https://davidbioinformatics.nih.gov/api.jsp?type=ENTREZ_GENE_ID&ids=76167&tool=geneReport
Telo2	Telo2	-0.14639451772058	0.0001023196157589	0.0210665969325322	telomere maintenance 2(Telo2)	https://davidbioinformatics.nih.gov/api.jsp?type=ENTREZ_GENE_ID&ids=71718&tool=geneReport
Perm1	Perm1	-0.233013963312346	0.0001017765170743	0.0210665969325322	PPARGC1 and ESRR induced regulator, muscle 1(Perm1)	https://davidbioinformatics.nih.gov/api.jsp?type=ENTREZ_GENE_ID&ids=74183&tool=geneReport
Mtap	Mtap	0.143232973190361	0.0001104876751896	0.0220582163990417	methylthioadenosine phosphorylase(Mtap)	https://davidbioinformatics.nih.gov/api.jsp?type=ENTREZ_GENE_ID&ids=66902&tool=geneReport
Ube2v2	Ube2v2	0.118247945360288	0.0001123462094062	0.0220582163990417	ubiquitin-conjugating enzyme E2 variant 2(Ube2v2)	https://davidbioinformatics.nih.gov/api.jsp?type=ENTREZ_GENE_ID&ids=70620&tool=geneReport
Mov10	Mov10	-0.225630904680344	0.0001318901449161	0.0229688768629325	Mov10 RISC complex RNA helicase(Mov10)	https://davidbioinformatics.nih.gov/api.jsp?type=ENTREZ_GENE_ID&ids=17454&tool=geneReport
Dlst	Dlst	0.0614434645606243	0.0001327611161348	0.0229688768629325	dihydrolipoamide S-succinyltransferase(Dlst)	https://davidbioinformatics.nih.gov/api.jsp?type=ENTREZ_GENE_ID&ids=78920&tool=geneReport
Aplp2	Aplp2	0.0719950182544522	0.000139558788788	0.0233461916672511	amyloid beta precursor-like protein 2(Aplp2)	https://davidbioinformatics.nih.gov/api.jsp?type=ENTREZ_GENE_ID&ids=11804&tool=geneReport
Adamts18	Adamts18	-0.298893357479177	0.0001476157680021	0.0240498176459814	ADAM metallopeptidase with thrombospondin type 1 motif 18(Adamts18)	https://davidbioinformatics.nih.gov/api.jsp?type=ENTREZ_GENE_ID&ids=208936&tool=geneReport
Pkn3	Pkn3	-0.379727759761177	0.0001533036895748	0.0241706536451451	protein kinase N3(Pkn3)	https://davidbioinformatics.nih.gov/api.jsp?type=ENTREZ_GENE_ID&ids=263803&tool=geneReport
Mri1	Mri1	-0.177484011571962	0.0001845164382837	0.0262222658954685	methylthioribose-1-phosphate isomerase 1(Mri1)	https://davidbioinformatics.nih.gov/api.jsp?type=ENTREZ_GENE_ID&ids=67873&tool=geneReport
Ubxn2a	Ubxn2a	0.135506178091696	0.0001824595525409	0.0262222658954685	UBX domain protein 2A(Ubxn2a)	https://davidbioinformatics.nih.gov/api.jsp?type=ENTREZ_GENE_ID&ids=217379&tool=geneReport
Miat	Miat	-0.3082386615461	0.0001905342636932	0.0266406713772841	myocardial infarction associated transcript (non-protein coding)(Miat)	https://davidbioinformatics.nih.gov/api.jsp?type=ENTREZ_GENE_ID&ids=330166&tool=geneReport
Junb	Junb	0.263778539028715	0.0002072915986013	0.028349017455433	jun B proto-oncogene(Junb)	https://davidbioinformatics.nih.gov/api.jsp?type=ENTREZ_GENE_ID&ids=16477&tool=geneReport
Nkrf	Nkrf	0.145849165392101	0.0002105532662775	0.0284832327537881	NF-kappaB repressing factor(Nkrf)	https://davidbioinformatics.nih.gov/api.jsp?type=ENTREZ_GENE_ID&ids=77286&tool=geneReport
Mzf1	Mzf1	-0.130156296974565	0.0002192049731105	0.0293358884014187	myeloid zinc finger 1(Mzf1)	https://davidbioinformatics.nih.gov/api.jsp?type=ENTREZ_GENE_ID&ids=109889&tool=geneReport
Zbtb11	Zbtb11	0.117283168219072	0.0002542846401347	0.0324100477385367	zinc finger and BTB domain containing 11(Zbtb11)	https://davidbioinformatics.nih.gov/api.jsp?type=ENTREZ_GENE_ID&ids=271377&tool=geneReport
Egr1	Egr1	0.371963576150312	0.0002728995536428	0.033861232033465	early growth response 1(Egr1)	https://davidbioinformatics.nih.gov/api.jsp?type=ENTREZ_GENE_ID&ids=13653&tool=geneReport
Ccng1	Ccng1	0.120715361918566	0.0002819302746831	0.0345244812187106	cyclin G1(Ccng1)	https://davidbioinformatics.nih.gov/api.jsp?type=ENTREZ_GENE_ID&ids=12450&tool=geneReport
Nedd9	Nedd9	0.187488866490476	0.0002871262273672	0.0349324480256695	neural precursor cell expressed, developmentally down-regulated gene 9(Nedd9)	https://davidbioinformatics.nih.gov/api.jsp?type=ENTREZ_GENE_ID&ids=18003&tool=geneReport
Fbxo3	Fbxo3	0.0718395052396734	0.0002941153314486	0.0353240054488528	F-box protein 3(Fbxo3)	https://davidbioinformatics.nih.gov/api.jsp?type=ENTREZ_GENE_ID&ids=57443&tool=geneReport
Topors	Topors	0.11211877951587	0.0003054799113566	0.0362245039188488	topoisomerase I binding, arginine/serine-rich(Topors)	https://davidbioinformatics.nih.gov/api.jsp?type=ENTREZ_GENE_ID&ids=106021&tool=geneReport
Setd4	Setd4	-0.202309161109472	0.0003125847612164	0.0363372850904655	SET domain containing 4(Setd4)	https://davidbioinformatics.nih.gov/api.jsp?type=ENTREZ_GENE_ID&ids=224440&tool=geneReport
Brms1l	Brms1l	0.0772606745981827	0.0003207451221105	0.0368679791893502	breast cancer metastasis-suppressor 1-like(Brms1l)	https://davidbioinformatics.nih.gov/api.jsp?type=ENTREZ_GENE_ID&ids=52592&tool=geneReport
Zfp882	Zfp882	0.207991853746611	0.0003249284473904	0.0371210938433438	zinc finger protein 882(Zfp882)	https://davidbioinformatics.nih.gov/api.jsp?type=ENTREZ_GENE_ID&ids=382019&tool=geneReport
Luc7l2	Luc7l2	-0.133996500310719	0.0003277785758956	0.0372197539271591	LUC7-like 2 (S. cerevisiae)(Luc7l2)	https://davidbioinformatics.nih.gov/api.jsp?type=ENTREZ_GENE_ID&ids=192196&tool=geneReport
Zfp719	Zfp719	0.127347881371522	0.0003371414772983	0.0378040914366841	zinc finger protein 719(Zfp719)	https://davidbioinformatics.nih.gov/api.jsp?type=ENTREZ_GENE_ID&ids=210105&tool=geneReport
Bhlhe40	Bhlhe40	0.156981390858816	0.000371699421683	0.0393455387833576	basic helix-loop-helix family, member e40(Bhlhe40)	https://davidbioinformatics.nih.gov/api.jsp?type=ENTREZ_GENE_ID&ids=20893&tool=geneReport
Fbxl3	Fbxl3	0.0808021539316743	0.0004042878096224	0.040944521086957	F-box and leucine-rich repeat protein 3(Fbxl3)	https://davidbioinformatics.nih.gov/api.jsp?type=ENTREZ_GENE_ID&ids=50789&tool=geneReport
Sik1	Sik1	0.321993195411017	0.0004326781429158	0.0426666193982658	salt inducible kinase 1(Sik1)	https://davidbioinformatics.nih.gov/api.jsp?type=ENTREZ_GENE_ID&ids=17691&tool=geneReport
Arih1	Arih1	0.0789484494054722	0.0004389871843367	0.0429506554102666	ariadne RBR E3 ubiquitin protein ligase 1(Arih1)	https://davidbioinformatics.nih.gov/api.jsp?type=ENTREZ_GENE_ID&ids=23806&tool=geneReport
Sipa1	Sipa1	-0.137833869771749	0.0004554130774336	0.0433127889279068	signal-induced proliferation associated gene 1(Sipa1)	https://davidbioinformatics.nih.gov/api.jsp?type=ENTREZ_GENE_ID&ids=20469&tool=geneReport
Gpatch8	Gpatch8	-0.132098111765988	0.0004768673420881	0.0444122262160549	G patch domain containing 8(Gpatch8)	https://davidbioinformatics.nih.gov/api.jsp?type=ENTREZ_GENE_ID&ids=237943&tool=geneReport
Ddx1	Ddx1	0.0910853545923462	0.0004788252399467	0.0444122262160549	DEAD box helicase 1(Ddx1)	https://davidbioinformatics.nih.gov/api.jsp?type=ENTREZ_GENE_ID&ids=104721&tool=geneReport
Tiparp	Tiparp	0.198352687232365	0.0004934555277779	0.044603741157753	TCDD-inducible poly(ADP-ribose) polymerase(Tiparp)	https://davidbioinformatics.nih.gov/api.jsp?type=ENTREZ_GENE_ID&ids=99929&tool=geneReport
Prox2	Prox2	-0.295312797639457	0.0004973790572752	0.044603741157753	prospero homeobox 2(Prox2)	https://davidbioinformatics.nih.gov/api.jsp?type=ENTREZ_GENE_ID&ids=73422&tool=geneReport
Axin2	Axin2	-0.121256785528605	0.0004988271777137	0.044603741157753	axin 2(Axin2)	https://davidbioinformatics.nih.gov/api.jsp?type=ENTREZ_GENE_ID&ids=12006&tool=geneReport
Zfp438	Zfp438	0.137130466174289	0.0005038922692924	0.044603741157753	zinc finger protein 438(Zfp438)	https://davidbioinformatics.nih.gov/api.jsp?type=ENTREZ_GENE_ID&ids=240186&tool=geneReport
Ints9	Ints9	0.106744700242619	0.0005371528200339	0.045786099691887	integrator complex subunit 9(Ints9)	https://davidbioinformatics.nih.gov/api.jsp?type=ENTREZ_GENE_ID&ids=210925&tool=geneReport
Cirbp	Cirbp	-0.195017619561775	0.0005539067414167	0.0463303424427869	cold inducible RNA binding protein(Cirbp)	https://davidbioinformatics.nih.gov/api.jsp?type=ENTREZ_GENE_ID&ids=12696&tool=geneReport
Cdkn2b	Cdkn2b	-0.331349531298035	0.0005657314824162	0.0469006418342987	cyclin dependent kinase inhibitor 2B(Cdkn2b)	https://davidbioinformatics.nih.gov/api.jsp?type=ENTREZ_GENE_ID&ids=12579&tool=geneReport
Aebp2	Aebp2	0.0910823103493136	0.0005799504511253	0.0478676284241584	AE binding protein 2(Aebp2)	https://davidbioinformatics.nih.gov/api.jsp?type=ENTREZ_GENE_ID&ids=11569&tool=geneReport
Spred1	Spred1	0.110763870917009	0.000621337722696	0.0496044146766989	sprouty protein with EVH-1 domain 1, related sequence(Spred1)	https://davidbioinformatics.nih.gov/api.jsp?type=ENTREZ_GENE_ID&ids=114715&tool=geneReport
Snhg17	Snhg17	-0.153864309776672	0.0006221732199521	0.0496044146766989	small nucleolar RNA host gene 17(Snhg17)	https://davidbioinformatics.nih.gov/api.jsp?type=ENTREZ_GENE_ID&ids=68108&tool=geneReport
Meg3	Meg3	-0.268718753169014	0.000625301699856	0.0496425959682353	maternally expressed 3(Meg3)	https://davidbioinformatics.nih.gov/api.jsp?type=ENTREZ_GENE_ID&ids=17263&tool=geneReport
Syne4	Syne4	-0.356633275468355	0.0006321592575909	0.0499752567519974	spectrin repeat containing, nuclear envelope family member 4(Syne4)	https://davidbioinformatics.nih.gov/api.jsp?type=ENTREZ_GENE_ID&ids=233066&tool=geneReport
Utp15	Utp15	0.106323014048221	0.0006414483164085	0.050058231511467	UTP15 small subunit processome component(Utp15)	https://davidbioinformatics.nih.gov/api.jsp?type=ENTREZ_GENE_ID&ids=105372&tool=geneReport
Epc2	Epc2	0.101240211154329	0.0006438959113078	0.050058231511467	enhancer of polycomb homolog 2(Epc2)	https://davidbioinformatics.nih.gov/api.jsp?type=ENTREZ_GENE_ID&ids=227867&tool=geneReport
Zfp868	Zfp868	0.110699865680243	0.0006387808088067	0.050058231511467	zinc finger protein 868(Zfp868)	https://davidbioinformatics.nih.gov/api.jsp?type=ENTREZ_GENE_ID&ids=234362&tool=geneReport
Eqtn	Eqtn	-0.433428096647243	0.0006658345871858	0.0509824098121321	equatorin, sperm acrosome associated(Eqtn)	https://davidbioinformatics.nih.gov/api.jsp?type=ENTREZ_GENE_ID&ids=67753&tool=geneReport
Tnfaip8l2	Tnfaip8l2	-0.252376942100325	0.0006690771243483	0.0509824098121321	tumor necrosis factor, alpha-induced protein 8-like 2(Tnfaip8l2)	https://davidbioinformatics.nih.gov/api.jsp?type=ENTREZ_GENE_ID&ids=69769&tool=geneReport
Yeats2	Yeats2	-0.150627796540162	0.0006821999563987	0.0512601421886624	YEATS domain containing 2(Yeats2)	https://davidbioinformatics.nih.gov/api.jsp?type=ENTREZ_GENE_ID&ids=208146&tool=geneReport
Zfp408	Zfp408	-0.10322527292361	0.0006847699534302	0.0512601421886624	zinc finger protein 408(Zfp408)	https://davidbioinformatics.nih.gov/api.jsp?type=ENTREZ_GENE_ID&ids=381410&tool=geneReport
Iffo1	Iffo1	-0.13731142308665	0.0007030905467661	0.0520676066569572	intermediate filament family orphan 1(Iffo1)	https://davidbioinformatics.nih.gov/api.jsp?type=ENTREZ_GENE_ID&ids=320678&tool=geneReport
Rnf2	Rnf2	0.105058340416787	0.0007983883070719	0.0562657902942992	ring finger protein 2(Rnf2)	https://davidbioinformatics.nih.gov/api.jsp?type=ENTREZ_GENE_ID&ids=19821&tool=geneReport
Ddb2	Ddb2	-0.173128013738209	0.0008246652606433	0.0570144956583524	damage specific DNA binding protein 2(Ddb2)	https://davidbioinformatics.nih.gov/api.jsp?type=ENTREZ_GENE_ID&ids=107986&tool=geneReport
Hypk	Hypk	-0.232401426398873	0.0009033711189083	0.0602650015792231	huntingtin interacting protein K(Hypk)	https://davidbioinformatics.nih.gov/api.jsp?type=ENTREZ_GENE_ID&ids=67693&tool=geneReport
Npr2	Npr2	-0.136229062739064	0.0009201880582714	0.0604216260160414	natriuretic peptide receptor 2(Npr2)	https://davidbioinformatics.nih.gov/api.jsp?type=ENTREZ_GENE_ID&ids=230103&tool=geneReport
L3mbtl1	L3mbtl1	-0.244839121089915	0.0009302814883996	0.0605199790508866	L3MBTL1 histone methyl-lysine binding protein(L3mbtl1)	https://davidbioinformatics.nih.gov/api.jsp?type=ENTREZ_GENE_ID&ids=241764&tool=geneReport
Zfp955b	Zfp955b	0.208814921016554	0.0009368801724365	0.060528920381969	zinc finger protein 955B(Zfp955b)	https://davidbioinformatics.nih.gov/api.jsp?type=ENTREZ_GENE_ID&ids=100043468&tool=geneReport
Zhx1	Zhx1	0.11166431957307	0.0009507845315087	0.0607982900421426	zinc fingers and homeoboxes 1(Zhx1)	https://davidbioinformatics.nih.gov/api.jsp?type=ENTREZ_GENE_ID&ids=22770&tool=geneReport
Sirt4	Sirt4	-0.195229141202589	0.0009628423530136	0.0613599126736845	sirtuin 4(Sirt4)	https://davidbioinformatics.nih.gov/api.jsp?type=ENTREZ_GENE_ID&ids=75387&tool=geneReport
Dnmt3a	Dnmt3a	-0.123278050918738	0.0010198419671133	0.0634809272286885	DNA methyltransferase 3A(Dnmt3a)	https://davidbioinformatics.nih.gov/api.jsp?type=ENTREZ_GENE_ID&ids=13435&tool=geneReport
Bag5	Bag5	0.0946009721729174	0.001025499357097	0.0635104091891722	BCL2-associated athanogene 5(Bag5)	https://davidbioinformatics.nih.gov/api.jsp?type=ENTREZ_GENE_ID&ids=70369&tool=geneReport
Cdan1	Cdan1	-0.140552022819112	0.0010311339557385	0.0635104091891722	codanin 1(Cdan1)	https://davidbioinformatics.nih.gov/api.jsp?type=ENTREZ_GENE_ID&ids=68968&tool=geneReport
Prdm11	Prdm11	-0.116928968847383	0.0010768795474215	0.065085210324163	PR domain containing 11(Prdm11)	https://davidbioinformatics.nih.gov/api.jsp?type=ENTREZ_GENE_ID&ids=100042784&tool=geneReport
Pabpn1	Pabpn1	-0.218445557093115	0.0010952182170654	0.0653155530816548	poly(A) binding protein, nuclear 1(Pabpn1)	https://davidbioinformatics.nih.gov/api.jsp?type=ENTREZ_GENE_ID&ids=54196&tool=geneReport
Smarca5	Smarca5	0.0905656849238322	0.0011070527263052	0.0653155530816548	SWI/SNF related, matrix associated, actin dependent regulator of chromatin, subfamily a, member 5(Smarca5)	https://davidbioinformatics.nih.gov/api.jsp?type=ENTREZ_GENE_ID&ids=93762&tool=geneReport
Prpf6	Prpf6	0.0786707418088063	0.001109674637035	0.0653155530816548	pre-mRNA splicing factor 6(Prpf6)	https://davidbioinformatics.nih.gov/api.jsp?type=ENTREZ_GENE_ID&ids=68879&tool=geneReport
Usp49	Usp49	-0.148003721520139	0.0011691941856308	0.0671963873066863	ubiquitin specific peptidase 49(Usp49)	https://davidbioinformatics.nih.gov/api.jsp?type=ENTREZ_GENE_ID&ids=224836&tool=geneReport
Eif4e	Eif4e	0.0902495445933952	0.001199778978263	0.0675970937617826	eukaryotic translation initiation factor 4E(Eif4e)	https://davidbioinformatics.nih.gov/api.jsp?type=ENTREZ_GENE_ID&ids=13684&tool=geneReport
Cdadc1	Cdadc1	0.0812044708601318	0.0012382811074441	0.068844020264314	cytidine and dCMP deaminase domain containing 1(Cdadc1)	https://davidbioinformatics.nih.gov/api.jsp?type=ENTREZ_GENE_ID&ids=71891&tool=geneReport
Strada	Strada	-0.127260722683773	0.001250073063777	0.0690549348182194	STE20-related kinase adaptor alpha(Strada)	https://davidbioinformatics.nih.gov/api.jsp?type=ENTREZ_GENE_ID&ids=72149&tool=geneReport
Fam193b	Fam193b	-0.195979181465544	0.0012847412880348	0.0695975470023926	family with sequence similarity 193, member B(Fam193b)	https://davidbioinformatics.nih.gov/api.jsp?type=ENTREZ_GENE_ID&ids=212483&tool=geneReport
Dnajb7	Dnajb7	-0.515107197447537	0.0013062227454157	0.0699239695945963	DnaJ heat shock protein family (Hsp40) member B7(Dnajb7)	https://davidbioinformatics.nih.gov/api.jsp?type=ENTREZ_GENE_ID&ids=57755&tool=geneReport
Ube2v1	Ube2v1	-0.420607949872201	0.0013412262834173	0.0713711665576387	ubiquitin-conjugating enzyme E2 variant 1(Ube2v1)	https://davidbioinformatics.nih.gov/api.jsp?type=ENTREZ_GENE_ID&ids=66589&tool=geneReport
Arnt	Arnt	-0.13452782336919	0.0013647432328591	0.071624171458959	aryl hydrocarbon receptor nuclear translocator(Arnt)	https://davidbioinformatics.nih.gov/api.jsp?type=ENTREZ_GENE_ID&ids=11863&tool=geneReport
Nos2	Nos2	-0.347786755323277	0.0013624045175959	0.071624171458959	nitric oxide synthase 2, inducible(Nos2)	https://davidbioinformatics.nih.gov/api.jsp?type=ENTREZ_GENE_ID&ids=18126&tool=geneReport
Gpbp1l1	Gpbp1l1	0.0839493369329664	0.0013627676265426	0.071624171458959	GC-rich promoter binding protein 1-like 1(Gpbp1l1)	https://davidbioinformatics.nih.gov/api.jsp?type=ENTREZ_GENE_ID&ids=77110&tool=geneReport
Wdfy1	Wdfy1	-0.113280412387643	0.0013823660356144	0.0720181416318415	WD repeat and FYVE domain containing 1(Wdfy1)	https://davidbioinformatics.nih.gov/api.jsp?type=ENTREZ_GENE_ID&ids=69368&tool=geneReport
Zfp783	Zfp783	-0.156859047513878	0.0014255173474419	0.0727751853451563	zinc finger protein 783(Zfp783)	https://davidbioinformatics.nih.gov/api.jsp?type=ENTREZ_GENE_ID&ids=232785&tool=geneReport
Pank3	Pank3	0.12200749085272	0.0014659348878629	0.0741038308138283	pantothenate kinase 3(Pank3)	https://davidbioinformatics.nih.gov/api.jsp?type=ENTREZ_GENE_ID&ids=211347&tool=geneReport
Itch	Itch	0.0934201725190954	0.0014927194386253	0.0743292302355766	itchy, E3 ubiquitin protein ligase(Itch)	https://davidbioinformatics.nih.gov/api.jsp?type=ENTREZ_GENE_ID&ids=16396&tool=geneReport
Cdk6	Cdk6	-0.169494959982859	0.0015038142108018	0.074341591170405	cyclin dependent kinase 6(Cdk6)	https://davidbioinformatics.nih.gov/api.jsp?type=ENTREZ_GENE_ID&ids=12571&tool=geneReport
Tle2	Tle2	-0.247199540568305	0.0015484990327022	0.0750110831444804	transducin-like enhancer of split 2(Tle2)	https://davidbioinformatics.nih.gov/api.jsp?type=ENTREZ_GENE_ID&ids=21886&tool=geneReport
Rbm7	Rbm7	0.084033945441737	0.00154310012724	0.0750110831444804	RNA binding motif protein 7(Rbm7)	https://davidbioinformatics.nih.gov/api.jsp?type=ENTREZ_GENE_ID&ids=67010&tool=geneReport
Pak1	Pak1	0.119521305138947	0.0015493856307063	0.0750110831444804	p21 (RAC1) activated kinase 1(Pak1)	https://davidbioinformatics.nih.gov/api.jsp?type=ENTREZ_GENE_ID&ids=18479&tool=geneReport
4930453N24Rik	4930453N24Rik	0.0871302508444622	0.001564326202235	0.075151835192501	RIKEN cDNA 4930453N24 gene(4930453N24Rik)	https://davidbioinformatics.nih.gov/api.jsp?type=ENTREZ_GENE_ID&ids=67609&tool=geneReport
Glrx3	Glrx3	0.116106086466523	0.0015865406564945	0.075445242995131	glutaredoxin 3(Glrx3)	https://davidbioinformatics.nih.gov/api.jsp?type=ENTREZ_GENE_ID&ids=30926&tool=geneReport
Tppp	Tppp	0.109954218184551	0.0016085574497962	0.0759141873536098	tubulin polymerization promoting protein(Tppp)	https://davidbioinformatics.nih.gov/api.jsp?type=ENTREZ_GENE_ID&ids=72948&tool=geneReport
E4f1	E4f1	-0.141892182217432	0.0016535508582152	0.0772591742631421	E4F transcription factor 1(E4f1)	https://davidbioinformatics.nih.gov/api.jsp?type=ENTREZ_GENE_ID&ids=13560&tool=geneReport
Pou2f2	Pou2f2	-0.1921784861188	0.0016856610684169	0.0777434229491211	POU domain, class 2, transcription factor 2(Pou2f2)	https://davidbioinformatics.nih.gov/api.jsp?type=ENTREZ_GENE_ID&ids=18987&tool=geneReport
Mbnl2	Mbnl2	0.106382143338143	0.0016888115467705	0.0777434229491211	muscleblind like splicing factor 2(Mbnl2)	https://davidbioinformatics.nih.gov/api.jsp?type=ENTREZ_GENE_ID&ids=105559&tool=geneReport
Dcaf12	Dcaf12	0.0818191241109943	0.0017203666431552	0.0783800764737619	DDB1 and CUL4 associated factor 12(Dcaf12)	https://davidbioinformatics.nih.gov/api.jsp?type=ENTREZ_GENE_ID&ids=68970&tool=geneReport
Crtc3	Crtc3	-0.0930053180815153	0.0017355264824762	0.0787332304495759	CREB regulated transcription coactivator 3(Crtc3)	https://davidbioinformatics.nih.gov/api.jsp?type=ENTREZ_GENE_ID&ids=70461&tool=geneReport
Mbd2	Mbd2	0.123050968999395	0.0017520199338504	0.079098422844874	methyl-CpG binding domain protein 2(Mbd2)	https://davidbioinformatics.nih.gov/api.jsp?type=ENTREZ_GENE_ID&ids=17191&tool=geneReport
Srcap	Srcap	-0.295435471920563	0.0017830648010464	0.0799532873048945	Snf2-related CREBBP activator protein(Srcap)	https://davidbioinformatics.nih.gov/api.jsp?type=ENTREZ_GENE_ID&ids=100043597&tool=geneReport
Serbp1	Serbp1	0.0905240003150875	0.0018575488270525	0.0816972648442659	serpine1 mRNA binding protein 1(Serbp1)	https://davidbioinformatics.nih.gov/api.jsp?type=ENTREZ_GENE_ID&ids=66870&tool=geneReport
Fbxl6	Fbxl6	-0.121869115580377	0.001872909925977	0.081969891452753	F-box and leucine-rich repeat protein 6(Fbxl6)	https://davidbioinformatics.nih.gov/api.jsp?type=ENTREZ_GENE_ID&ids=30840&tool=geneReport
Stard9	Stard9	-0.190304669219211	0.0020146130802471	0.0855913620669175	StAR related lipid transfer domain containing 9(Stard9)	https://davidbioinformatics.nih.gov/api.jsp?type=ENTREZ_GENE_ID&ids=668880&tool=geneReport
Ssh3	Ssh3	-0.210736219710823	0.0020373136449359	0.085974874845389	slingshot protein phosphatase 3(Ssh3)	https://davidbioinformatics.nih.gov/api.jsp?type=ENTREZ_GENE_ID&ids=245857&tool=geneReport
Ybx2	Ybx2	-0.315811000406258	0.002060417647389	0.0863658075675098	Y box protein 2(Ybx2)	https://davidbioinformatics.nih.gov/api.jsp?type=ENTREZ_GENE_ID&ids=53422&tool=geneReport
Hnrnph2	Hnrnph2	0.0732867189192288	0.0020993602839523	0.0872142223506225	heterogeneous nuclear ribonucleoprotein H2(Hnrnph2)	https://davidbioinformatics.nih.gov/api.jsp?type=ENTREZ_GENE_ID&ids=56258&tool=geneReport
Mex3c	Mex3c	0.0807650340777868	0.0020992918644113	0.0872142223506225	mex3 RNA binding family member C(Mex3c)	https://davidbioinformatics.nih.gov/api.jsp?type=ENTREZ_GENE_ID&ids=240396&tool=geneReport
Smc1a	Smc1a	0.0917229540852853	0.0021141225431655	0.0873296001559398	structural maintenance of chromosomes 1A(Smc1a)	https://davidbioinformatics.nih.gov/api.jsp?type=ENTREZ_GENE_ID&ids=24061&tool=geneReport
Snrpd3	Snrpd3	0.0827372810077337	0.0021207818142054	0.0873296001559398	small nuclear ribonucleoprotein D3(Snrpd3)	https://davidbioinformatics.nih.gov/api.jsp?type=ENTREZ_GENE_ID&ids=67332&tool=geneReport
Sugt1	Sugt1	0.092579926347122	0.0021670082763529	0.0876912895588506	SGT1, suppressor of G2 allele of SKP1 (S. cerevisiae)(Sugt1)	https://davidbioinformatics.nih.gov/api.jsp?type=ENTREZ_GENE_ID&ids=67955&tool=geneReport
Zfp605	Zfp605	0.127469980701132	0.002172250342529	0.08771397072764	zinc finger protein 605(Zfp605)	https://davidbioinformatics.nih.gov/api.jsp?type=ENTREZ_GENE_ID&ids=675812&tool=geneReport
A430033K04Rik	A430033K04Rik	0.0912631181654973	0.0021952471687605	0.0878018300677726	RIKEN cDNA A430033K04 gene(A430033K04Rik)	https://davidbioinformatics.nih.gov/api.jsp?type=ENTREZ_GENE_ID&ids=243308&tool=geneReport
Rfx1	Rfx1	-0.156440776928527	0.0022456843702519	0.0890811547778878	regulatory factor X, 1 (influences HLA class II expression)(Rfx1)	https://davidbioinformatics.nih.gov/api.jsp?type=ENTREZ_GENE_ID&ids=19724&tool=geneReport
Trmt1	Trmt1	-0.123956072909327	0.0022500955194361	0.0890811547778878	tRNA methyltransferase 1(Trmt1)	https://davidbioinformatics.nih.gov/api.jsp?type=ENTREZ_GENE_ID&ids=212528&tool=geneReport
Rprd1a	Rprd1a	0.101172461473399	0.0022610656992996	0.0891859514570081	regulation of nuclear pre-mRNA domain containing 1A(Rprd1a)	https://davidbioinformatics.nih.gov/api.jsp?type=ENTREZ_GENE_ID&ids=225283&tool=geneReport
Errfi1	Errfi1	0.10003352412316	0.002278266327941	0.0894876266673016	ERBB receptor feedback inhibitor 1(Errfi1)	https://davidbioinformatics.nih.gov/api.jsp?type=ENTREZ_GENE_ID&ids=74155&tool=geneReport
Slc11a2	Slc11a2	-0.0729462669141272	0.0022906896479156	0.0897391549297313	solute carrier family 11 (proton-coupled divalent metal ion transporters), member 2(Slc11a2)	https://davidbioinformatics.nih.gov/api.jsp?type=ENTREZ_GENE_ID&ids=18174&tool=geneReport
Fendrr	Fendrr	-0.281417360936166	0.0023618751577715	0.0914299441239843	Foxf1 adjacent non-coding developmental regulatory RNA(Fendrr)	https://davidbioinformatics.nih.gov/api.jsp?type=ENTREZ_GENE_ID&ids=68790&tool=geneReport
Rnf6	Rnf6	0.0845899229039485	0.0024003255853485	0.0923304914728549	ring finger protein (C3H2C3 type) 6(Rnf6)	https://davidbioinformatics.nih.gov/api.jsp?type=ENTREZ_GENE_ID&ids=74132&tool=geneReport
Mapkapk5	Mapkapk5	-0.309150428278794	0.0024073934226044	0.0923304914728549	MAP kinase-activated protein kinase 5(Mapkapk5)	https://davidbioinformatics.nih.gov/api.jsp?type=ENTREZ_GENE_ID&ids=17165&tool=geneReport
Zfp655	Zfp655	0.103248053051244	0.0024416913425599	0.0931721568110059	zinc finger protein 655(Zfp655)	https://davidbioinformatics.nih.gov/api.jsp?type=ENTREZ_GENE_ID&ids=72611&tool=geneReport
Kpna1	Kpna1	0.0844250570403273	0.0024468452937743	0.0931790516751154	karyopherin subunit alpha 1(Kpna1)	https://davidbioinformatics.nih.gov/api.jsp?type=ENTREZ_GENE_ID&ids=16646&tool=geneReport
Zfp87	Zfp87	0.12316382910153	0.0024546389227452	0.0932862370315525	zinc finger protein 87(Zfp87)	https://davidbioinformatics.nih.gov/api.jsp?type=ENTREZ_GENE_ID&ids=170763&tool=geneReport
Birc5	Birc5	-0.288160155126038	0.002492076352963	0.0936714742419721	baculoviral IAP repeat-containing 5(Birc5)	https://davidbioinformatics.nih.gov/api.jsp?type=ENTREZ_GENE_ID&ids=11799&tool=geneReport
Fer	Fer	0.120314461552749	0.0025038958310729	0.0938259845819644	FER tyrosine kinase(Fer)	https://davidbioinformatics.nih.gov/api.jsp?type=ENTREZ_GENE_ID&ids=14158&tool=geneReport
Hspa4l	Hspa4l	0.109335069952761	0.0025412633526892	0.0948468330198926	heat shock protein 4 like(Hspa4l)	https://davidbioinformatics.nih.gov/api.jsp?type=ENTREZ_GENE_ID&ids=18415&tool=geneReport
Snapc4	Snapc4	-0.171859809899626	0.0026511137761224	0.097204046398103	small nuclear RNA activating complex, polypeptide 4(Snapc4)	https://davidbioinformatics.nih.gov/api.jsp?type=ENTREZ_GENE_ID&ids=227644&tool=geneReport
Kpna2	Kpna2	0.122991150501866	0.0026965084813273	0.0976807288073699	karyopherin subunit alpha 2(Kpna2)	https://davidbioinformatics.nih.gov/api.jsp?type=ENTREZ_GENE_ID&ids=16647&tool=geneReport
Bnipl	Bnipl	-0.618350554570698	0.0027027736876208	0.0976807288073699	BCL2/adenovirus E1B 19kD interacting protein like(Bnipl)	https://davidbioinformatics.nih.gov/api.jsp?type=ENTREZ_GENE_ID&ids=171388&tool=geneReport
Trnt1	Trnt1	0.0944555344883158	0.0027358982404271	0.0983873117709073	tRNA nucleotidyl transferase, CCA-adding, 1(Trnt1)	https://davidbioinformatics.nih.gov/api.jsp?type=ENTREZ_GENE_ID&ids=70047&tool=geneReport
Zfp874b	Zfp874b	0.102898171055068	0.0028436622333738	0.100716173165393	zinc finger protein 874b(Zfp874b)	https://davidbioinformatics.nih.gov/api.jsp?type=ENTREZ_GENE_ID&ids=408067&tool=geneReport
Fhod1	Fhod1	-0.238952326295049	0.0028659071344368	0.100811548792792	formin homology 2 domain containing 1(Fhod1)	https://davidbioinformatics.nih.gov/api.jsp?type=ENTREZ_GENE_ID&ids=234686&tool=geneReport
Psmb2	Psmb2	0.150208832561828	0.0028731132094993	0.100811548792792	proteasome (prosome, macropain) subunit, beta type 2(Psmb2)	https://davidbioinformatics.nih.gov/api.jsp?type=ENTREZ_GENE_ID&ids=26445&tool=geneReport
Tctn3	Tctn3	-0.0982747017651245	0.0029022532487306	0.100884261351054	tectonic family member 3(Tctn3)	https://davidbioinformatics.nih.gov/api.jsp?type=ENTREZ_GENE_ID&ids=67590&tool=geneReport
Thap1	Thap1	0.0988082900240676	0.0029330500033649	0.101390451776838	THAP domain containing, apoptosis associated protein 1(Thap1)	https://davidbioinformatics.nih.gov/api.jsp?type=ENTREZ_GENE_ID&ids=73754&tool=geneReport
Dyrk3	Dyrk3	0.152120337505662	0.0029759004773459	0.101448004541541	dual-specificity tyrosine phosphorylation regulated kinase 3(Dyrk3)	https://davidbioinformatics.nih.gov/api.jsp?type=ENTREZ_GENE_ID&ids=226419&tool=geneReport
Dcun1d1	Dcun1d1	0.0895045677020146	0.0030117884970188	0.101787412214321	defective in cullin neddylation 1 domain containing 1(Dcun1d1)	https://davidbioinformatics.nih.gov/api.jsp?type=ENTREZ_GENE_ID&ids=114893&tool=geneReport
Crnkl1	Crnkl1	0.11274534562114	0.0030915244681485	0.103804305439481	crooked neck pre-mRNA splicing factor 1(Crnkl1)	https://davidbioinformatics.nih.gov/api.jsp?type=ENTREZ_GENE_ID&ids=66877&tool=geneReport
Ankrd16	Ankrd16	-0.14725917296652	0.0031144294898399	0.104199912360074	ankyrin repeat domain 16(Ankrd16)	https://davidbioinformatics.nih.gov/api.jsp?type=ENTREZ_GENE_ID&ids=320816&tool=geneReport
Actr8	Actr8	0.0753542573060664	0.0031687554657103	0.104524300009768	ARP8 actin-related protein 8(Actr8)	https://davidbioinformatics.nih.gov/api.jsp?type=ENTREZ_GENE_ID&ids=56249&tool=geneReport
Midn	Midn	0.148541116851032	0.0031535266809519	0.104524300009768	midnolin(Midn)	https://davidbioinformatics.nih.gov/api.jsp?type=ENTREZ_GENE_ID&ids=59090&tool=geneReport
Fus	Fus	-0.118188660764762	0.003155474680048	0.104524300009768	fused in sarcoma(Fus)	https://davidbioinformatics.nih.gov/api.jsp?type=ENTREZ_GENE_ID&ids=233908&tool=geneReport
Pdcd6	Pdcd6	0.078753787112495	0.0032524918531548	0.106626235525007	programmed cell death 6(Pdcd6)	https://davidbioinformatics.nih.gov/api.jsp?type=ENTREZ_GENE_ID&ids=18570&tool=geneReport
Nek7	Nek7	0.0740818180413708	0.0032552416054816	0.106626235525007	NIMA (never in mitosis gene a)-related expressed kinase 7(Nek7)	https://davidbioinformatics.nih.gov/api.jsp?type=ENTREZ_GENE_ID&ids=59125&tool=geneReport
Hspa4	Hspa4	0.0791872989383313	0.0033019557950685	0.106888426117937	heat shock protein 4(Hspa4)	https://davidbioinformatics.nih.gov/api.jsp?type=ENTREZ_GENE_ID&ids=15525&tool=geneReport
Hnrnpul2	Hnrnpul2	0.0692961644003032	0.0032910244830402	0.106888426117937	heterogeneous nuclear ribonucleoprotein U-like 2(Hnrnpul2)	https://davidbioinformatics.nih.gov/api.jsp?type=ENTREZ_GENE_ID&ids=68693&tool=geneReport
Tatdn3	Tatdn3	-0.146981209796833	0.0033414826391981	0.107018835432507	TatD DNase domain containing 3(Tatdn3)	https://davidbioinformatics.nih.gov/api.jsp?type=ENTREZ_GENE_ID&ids=68972&tool=geneReport
Slx1b	Slx1b	-0.0990898360616192	0.0034429097093323	0.109332807311951	SLX1 structure-specific endonuclease subunit homolog B (S. cerevisiae)(Slx1b)	https://davidbioinformatics.nih.gov/api.jsp?type=ENTREZ_GENE_ID&ids=75764&tool=geneReport
Clasrp	Clasrp	-0.208574958546041	0.0034626019147714	0.109401870953048	CLK4-associating serine/arginine rich protein(Clasrp)	https://davidbioinformatics.nih.gov/api.jsp?type=ENTREZ_GENE_ID&ids=53609&tool=geneReport
Helq	Helq	-0.123811532110314	0.0034836868624271	0.109698079083084	helicase, POLQ-like(Helq)	https://davidbioinformatics.nih.gov/api.jsp?type=ENTREZ_GENE_ID&ids=191578&tool=geneReport
Egr4	Egr4	0.215166404227836	0.0035365750771234	0.11007333699494	early growth response 4(Egr4)	https://davidbioinformatics.nih.gov/api.jsp?type=ENTREZ_GENE_ID&ids=13656&tool=geneReport
Zfp641	Zfp641	-0.104301834619896	0.0035406527301294	0.11007333699494	zinc finger protein 641(Zfp641)	https://davidbioinformatics.nih.gov/api.jsp?type=ENTREZ_GENE_ID&ids=239652&tool=geneReport
Rps6kb2	Rps6kb2	-0.234340642600582	0.0035543535910514	0.11007333699494	ribosomal protein S6 kinase, polypeptide 2(Rps6kb2)	https://davidbioinformatics.nih.gov/api.jsp?type=ENTREZ_GENE_ID&ids=58988&tool=geneReport
Fosb	Fosb	0.231239145282593	0.0035872717223855	0.110901632370538	FBJ osteosarcoma oncogene B(Fosb)	https://davidbioinformatics.nih.gov/api.jsp?type=ENTREZ_GENE_ID&ids=14282&tool=geneReport
Rps3a1	Rps3a1	0.127026875295755	0.0037027650753724	0.11226407202717	ribosomal protein S3A1(Rps3a1)	https://davidbioinformatics.nih.gov/api.jsp?type=ENTREZ_GENE_ID&ids=20091&tool=geneReport
Zfp422	Zfp422	0.0773100880672091	0.0037775215881312	0.113241031160365	zinc finger protein 422(Zfp422)	https://davidbioinformatics.nih.gov/api.jsp?type=ENTREZ_GENE_ID&ids=67255&tool=geneReport
Btbd10	Btbd10	0.0903198499154235	0.0038079404486689	0.11324694007343	BTB domain containing 10(Btbd10)	https://davidbioinformatics.nih.gov/api.jsp?type=ENTREZ_GENE_ID&ids=68815&tool=geneReport
Csrnp1	Csrnp1	0.146470774283226	0.0038287464803124	0.113656496128564	cysteine-serine-rich nuclear protein 1(Csrnp1)	https://davidbioinformatics.nih.gov/api.jsp?type=ENTREZ_GENE_ID&ids=215418&tool=geneReport
Kmt2d	Kmt2d	-0.15408045241191	0.0038835022089761	0.113962799213471	lysine (K)-specific methyltransferase 2D(Kmt2d)	https://davidbioinformatics.nih.gov/api.jsp?type=ENTREZ_GENE_ID&ids=381022&tool=geneReport
Ncl	Ncl	0.0880964721177241	0.0039453981793067	0.114064903627572	nucleolin(Ncl)	https://davidbioinformatics.nih.gov/api.jsp?type=ENTREZ_GENE_ID&ids=17975&tool=geneReport
Ell	Ell	-0.0986074224965983	0.0039401796412978	0.114064903627572	elongation factor RNA polymerase II(Ell)	https://davidbioinformatics.nih.gov/api.jsp?type=ENTREZ_GENE_ID&ids=13716&tool=geneReport
Tceal8	Tceal8	0.138250626440351	0.003984739194431	0.114064903627572	transcription elongation factor A (SII)-like 8(Tceal8)	https://davidbioinformatics.nih.gov/api.jsp?type=ENTREZ_GENE_ID&ids=66684&tool=geneReport
Zfp68	Zfp68	0.101679059427632	0.0040079324119524	0.114122525334866	zinc finger protein 68(Zfp68)	https://davidbioinformatics.nih.gov/api.jsp?type=ENTREZ_GENE_ID&ids=24135&tool=geneReport
Snw1	Snw1	0.104345112496317	0.0040020135167463	0.114122525334866	SNW domain containing 1(Snw1)	https://davidbioinformatics.nih.gov/api.jsp?type=ENTREZ_GENE_ID&ids=66354&tool=geneReport
Pkd1	Pkd1	-0.152551136705857	0.0040326821117344	0.114306099917482	polycystin 1, transient receptor potential channel interacting(Pkd1)	https://davidbioinformatics.nih.gov/api.jsp?type=ENTREZ_GENE_ID&ids=18763&tool=geneReport
Trib1	Trib1	0.215889156356666	0.0040482161175639	0.114573077309182	tribbles pseudokinase 1(Trib1)	https://davidbioinformatics.nih.gov/api.jsp?type=ENTREZ_GENE_ID&ids=211770&tool=geneReport
Irak2	Irak2	0.098806444857388	0.0040736140122525	0.115017826330954	interleukin-1 receptor-associated kinase 2(Irak2)	https://davidbioinformatics.nih.gov/api.jsp?type=ENTREZ_GENE_ID&ids=108960&tool=geneReport
Aire	Aire	-0.361038297628323	0.0041354646876072	0.11597232344006	autoimmune regulator(Aire)	https://davidbioinformatics.nih.gov/api.jsp?type=ENTREZ_GENE_ID&ids=11634&tool=geneReport
Champ1	Champ1	0.0679045713229731	0.0041941828505833	0.11597232344006	chromosome alignment maintaining phosphoprotein 1(Champ1)	https://davidbioinformatics.nih.gov/api.jsp?type=ENTREZ_GENE_ID&ids=101994&tool=geneReport
Pde4c	Pde4c	-0.354526874929615	0.0041855474394136	0.11597232344006	phosphodiesterase 4C, cAMP specific(Pde4c)	https://davidbioinformatics.nih.gov/api.jsp?type=ENTREZ_GENE_ID&ids=110385&tool=geneReport
Heca	Heca	0.103000059664905	0.0041906922380067	0.11597232344006	hdc homolog, cell cycle regulator(Heca)	https://davidbioinformatics.nih.gov/api.jsp?type=ENTREZ_GENE_ID&ids=380629&tool=geneReport
Traf3ip2	Traf3ip2	-0.152356526249927	0.0041966927461763	0.11597232344006	TRAF3 interacting protein 2(Traf3ip2)	https://davidbioinformatics.nih.gov/api.jsp?type=ENTREZ_GENE_ID&ids=103213&tool=geneReport
Pcnp	Pcnp	0.0671201267337448	0.0042232105979311	0.116076956190959	PEST proteolytic signal containing nuclear protein(Pcnp)	https://davidbioinformatics.nih.gov/api.jsp?type=ENTREZ_GENE_ID&ids=76302&tool=geneReport
Mnat1	Mnat1	0.123068106732414	0.0042355814432632	0.116190122871128	menage a trois 1(Mnat1)	https://davidbioinformatics.nih.gov/api.jsp?type=ENTREZ_GENE_ID&ids=17420&tool=geneReport
Plscr3	Plscr3	-0.130291634219502	0.004273134151022	0.116878016720511	phospholipid scramblase 3(Plscr3)	https://davidbioinformatics.nih.gov/api.jsp?type=ENTREZ_GENE_ID&ids=70310&tool=geneReport
Taf12	Taf12	0.0893118779925437	0.0043403285106596	0.117855644892346	TATA-box binding protein associated factor 12(Taf12)	https://davidbioinformatics.nih.gov/api.jsp?type=ENTREZ_GENE_ID&ids=66464&tool=geneReport
Bcl6	Bcl6	0.23040244469084	0.0043726452931524	0.118139055309756	B cell leukemia/lymphoma 6(Bcl6)	https://davidbioinformatics.nih.gov/api.jsp?type=ENTREZ_GENE_ID&ids=12053&tool=geneReport
Anks6	Anks6	-0.146484703848189	0.0043771162402521	0.118139055309756	ankyrin repeat and sterile alpha motif domain containing 6(Anks6)	https://davidbioinformatics.nih.gov/api.jsp?type=ENTREZ_GENE_ID&ids=75691&tool=geneReport
Rbmxl1	Rbmxl1	0.0918786363782389	0.004411240448128	0.118578193739062	RNA binding motif protein, X-linked like-1(Rbmxl1)	https://davidbioinformatics.nih.gov/api.jsp?type=ENTREZ_GENE_ID&ids=19656&tool=geneReport
Mbtd1	Mbtd1	-0.0935872931354015	0.0044534416451671	0.118772582726765	mbt domain containing 1(Mbtd1)	https://davidbioinformatics.nih.gov/api.jsp?type=ENTREZ_GENE_ID&ids=103537&tool=geneReport
Pif1	Pif1	-0.47334786514853	0.0045843771281749	0.120466886218072	PIF1 5'-to-3' DNA helicase(Pif1)	https://davidbioinformatics.nih.gov/api.jsp?type=ENTREZ_GENE_ID&ids=208084&tool=geneReport
Usp8	Usp8	0.071694969025869	0.0046911966022617	0.121850184120153	ubiquitin specific peptidase 8(Usp8)	https://davidbioinformatics.nih.gov/api.jsp?type=ENTREZ_GENE_ID&ids=84092&tool=geneReport
Ddx6	Ddx6	0.083420992829354	0.0046971555256726	0.121850184120153	DEAD-box helicase 6(Ddx6)	https://davidbioinformatics.nih.gov/api.jsp?type=ENTREZ_GENE_ID&ids=13209&tool=geneReport
Tk1	Tk1	-0.266479955605092	0.0047085574990921	0.121850184120153	thymidine kinase 1(Tk1)	https://davidbioinformatics.nih.gov/api.jsp?type=ENTREZ_GENE_ID&ids=21877&tool=geneReport
Gins4	Gins4	0.0918947505491457	0.0047835795388261	0.122942587434082	GINS complex subunit 4(Gins4)	https://davidbioinformatics.nih.gov/api.jsp?type=ENTREZ_GENE_ID&ids=109145&tool=geneReport
Stk24	Stk24	0.098231755562693	0.0048138158473433	0.123066668558238	serine/threonine kinase 24(Stk24)	https://davidbioinformatics.nih.gov/api.jsp?type=ENTREZ_GENE_ID&ids=223255&tool=geneReport
Srfbp1	Srfbp1	0.10363065116299	0.0048278181783894	0.123066668558238	serum response factor binding protein 1(Srfbp1)	https://davidbioinformatics.nih.gov/api.jsp?type=ENTREZ_GENE_ID&ids=67222&tool=geneReport
Nsun5	Nsun5	-0.141728402684795	0.0048908821095309	0.12391845270775	NOL1/NOP2/Sun domain family, member 5(Nsun5)	https://davidbioinformatics.nih.gov/api.jsp?type=ENTREZ_GENE_ID&ids=100609&tool=geneReport
Aktip	Aktip	0.0869587969946888	0.004951032046621	0.124848635835117	AKT interacting protein(Aktip)	https://davidbioinformatics.nih.gov/api.jsp?type=ENTREZ_GENE_ID&ids=14339&tool=geneReport
Eif5a2	Eif5a2	0.130688574407446	0.0050372114168376	0.126510982715644	eukaryotic translation initiation factor 5A2(Eif5a2)	https://davidbioinformatics.nih.gov/api.jsp?type=ENTREZ_GENE_ID&ids=208691&tool=geneReport
Nck1	Nck1	0.110011465507986	0.0051791981130958	0.12875262034787	non-catalytic region of tyrosine kinase adaptor protein 1(Nck1)	https://davidbioinformatics.nih.gov/api.jsp?type=ENTREZ_GENE_ID&ids=17973&tool=geneReport
Tmem168	Tmem168	0.067598004682111	0.0052951090385083	0.1305383722967	transmembrane protein 168(Tmem168)	https://davidbioinformatics.nih.gov/api.jsp?type=ENTREZ_GENE_ID&ids=101118&tool=geneReport
Eaf1	Eaf1	0.117131195080806	0.0053713734042769	0.130570666767544	ELL associated factor 1(Eaf1)	https://davidbioinformatics.nih.gov/api.jsp?type=ENTREZ_GENE_ID&ids=74427&tool=geneReport
Wwp1	Wwp1	0.0963677585042543	0.0053875748329649	0.130570666767544	WW domain containing E3 ubiquitin protein ligase 1(Wwp1)	https://davidbioinformatics.nih.gov/api.jsp?type=ENTREZ_GENE_ID&ids=107568&tool=geneReport
Zfp692	Zfp692	-0.219819985389252	0.0054009536050836	0.130570666767544	zinc finger protein 692(Zfp692)	https://davidbioinformatics.nih.gov/api.jsp?type=ENTREZ_GENE_ID&ids=103836&tool=geneReport
Nos3	Nos3	-0.201394227663891	0.0054534485083234	0.131162787229715	nitric oxide synthase 3, endothelial cell(Nos3)	https://davidbioinformatics.nih.gov/api.jsp?type=ENTREZ_GENE_ID&ids=18127&tool=geneReport
Ranbp10	Ranbp10	-0.0606059253953652	0.0054837298238513	0.13172200253805	RAN binding protein 10(Ranbp10)	https://davidbioinformatics.nih.gov/api.jsp?type=ENTREZ_GENE_ID&ids=74334&tool=geneReport
Ints12	Ints12	0.101318379739864	0.0057048711688364	0.134787473164338	integrator complex subunit 12(Ints12)	https://davidbioinformatics.nih.gov/api.jsp?type=ENTREZ_GENE_ID&ids=71793&tool=geneReport
Zfp14	Zfp14	0.0976270062102244	0.0057147230490425	0.134850190235341	zinc finger protein 14(Zfp14)	https://davidbioinformatics.nih.gov/api.jsp?type=ENTREZ_GENE_ID&ids=243906&tool=geneReport
Rad9b	Rad9b	-0.172643633994204	0.0057608146508954	0.135411479189199	RAD9 checkpoint clamp component B(Rad9b)	https://davidbioinformatics.nih.gov/api.jsp?type=ENTREZ_GENE_ID&ids=231724&tool=geneReport
Zfp78	Zfp78	0.149664351343146	0.0058004972535408	0.135411479189199	zinc finger protein 78(Zfp78)	https://davidbioinformatics.nih.gov/api.jsp?type=ENTREZ_GENE_ID&ids=330463&tool=geneReport
Fbxw7	Fbxw7	0.0874653805214098	0.0058035556035934	0.135411479189199	F-box and WD-40 domain protein 7(Fbxw7)	https://davidbioinformatics.nih.gov/api.jsp?type=ENTREZ_GENE_ID&ids=50754&tool=geneReport
Tsr1	Tsr1	0.0751002378802575	0.0057795244469378	0.135411479189199	TSR1 20S rRNA accumulation(Tsr1)	https://davidbioinformatics.nih.gov/api.jsp?type=ENTREZ_GENE_ID&ids=104662&tool=geneReport
Maea	Maea	0.0642997931281921	0.0058193618116661	0.135611396645991	macrophage erythroblast attacher(Maea)	https://davidbioinformatics.nih.gov/api.jsp?type=ENTREZ_GENE_ID&ids=59003&tool=geneReport
Cers4	Cers4	-0.0995670912719995	0.0058548669521024	0.136100232276168	ceramide synthase 4(Cers4)	https://davidbioinformatics.nih.gov/api.jsp?type=ENTREZ_GENE_ID&ids=67260&tool=geneReport
Abhd14b	Abhd14b	-0.160566516682062	0.0058627429085998	0.136114437590492	abhydrolase domain containing 14b(Abhd14b)	https://davidbioinformatics.nih.gov/api.jsp?type=ENTREZ_GENE_ID&ids=76491&tool=geneReport
Zfp110	Zfp110	0.113200553059706	0.0059086142118218	0.136448305021165	zinc finger protein 110(Zfp110)	https://davidbioinformatics.nih.gov/api.jsp?type=ENTREZ_GENE_ID&ids=65020&tool=geneReport
Arid4a	Arid4a	0.0867101767550836	0.0059290175428729	0.136448305021165	AT-rich interaction domain 4A(Arid4a)	https://davidbioinformatics.nih.gov/api.jsp?type=ENTREZ_GENE_ID&ids=238247&tool=geneReport
Spty2d1	Spty2d1	0.092524831386063	0.0060007454414935	0.136448305021165	SPT2 chromatin protein domain containing 1(Spty2d1)	https://davidbioinformatics.nih.gov/api.jsp?type=ENTREZ_GENE_ID&ids=101685&tool=geneReport
Mxi1	Mxi1	0.104139223514896	0.006136807930385	0.137864788229848	MAX interactor 1, dimerization protein(Mxi1)	https://davidbioinformatics.nih.gov/api.jsp?type=ENTREZ_GENE_ID&ids=17859&tool=geneReport
Zmpste24	Zmpste24	0.0971517986905614	0.0062318964560014	0.139332711216759	zinc metallopeptidase, STE24(Zmpste24)	https://davidbioinformatics.nih.gov/api.jsp?type=ENTREZ_GENE_ID&ids=230709&tool=geneReport
Cecr2	Cecr2	-0.139655770556788	0.0062588637050476	0.139768856230956	CECR2, histone acetyl-lysine reader(Cecr2)	https://davidbioinformatics.nih.gov/api.jsp?type=ENTREZ_GENE_ID&ids=330409&tool=geneReport
Ppp2r5c	Ppp2r5c	0.0946639761341217	0.006298842169517	0.140141505033552	protein phosphatase 2, regulatory subunit B', gamma(Ppp2r5c)	https://davidbioinformatics.nih.gov/api.jsp?type=ENTREZ_GENE_ID&ids=26931&tool=geneReport
Ncapg2	Ncapg2	0.120158365872433	0.0063054701506876	0.140141505033552	non-SMC condensin II complex, subunit G2(Ncapg2)	https://davidbioinformatics.nih.gov/api.jsp?type=ENTREZ_GENE_ID&ids=76044&tool=geneReport
Ppm1d	Ppm1d	0.0971861595637182	0.0063475950836364	0.140411501165304	protein phosphatase 1D magnesium-dependent, delta isoform(Ppm1d)	https://davidbioinformatics.nih.gov/api.jsp?type=ENTREZ_GENE_ID&ids=53892&tool=geneReport
Zfp27	Zfp27	0.0806196825975803	0.0063876708143518	0.141131368369924	zinc finger protein 27(Zfp27)	https://davidbioinformatics.nih.gov/api.jsp?type=ENTREZ_GENE_ID&ids=22689&tool=geneReport
Trim32	Trim32	0.0607314167359842	0.0064057752234109	0.141198358336269	tripartite motif-containing 32(Trim32)	https://davidbioinformatics.nih.gov/api.jsp?type=ENTREZ_GENE_ID&ids=69807&tool=geneReport
Zfp106	Zfp106	0.058363964402056	0.0064424583841869	0.141673591885126	zinc finger protein 106(Zfp106)	https://davidbioinformatics.nih.gov/api.jsp?type=ENTREZ_GENE_ID&ids=20402&tool=geneReport
Leng8	Leng8	-0.262191685888248	0.0064657864873891	0.1420199010876	leukocyte receptor cluster (LRC) member 8(Leng8)	https://davidbioinformatics.nih.gov/api.jsp?type=ENTREZ_GENE_ID&ids=232798&tool=geneReport
Pan3	Pan3	-0.0942915815954687	0.006548812968366	0.143675128542513	PAN3 poly(A) specific ribonuclease subunit(Pan3)	https://davidbioinformatics.nih.gov/api.jsp?type=ENTREZ_GENE_ID&ids=72587&tool=geneReport
Nom1	Nom1	0.0651216431572899	0.0065898019869384	0.143732863826868	nucleolar protein with MIF4G domain 1(Nom1)	https://davidbioinformatics.nih.gov/api.jsp?type=ENTREZ_GENE_ID&ids=433864&tool=geneReport
Kif22	Kif22	-0.160839910977647	0.0066394969249635	0.144312777710112	kinesin family member 22(Kif22)	https://davidbioinformatics.nih.gov/api.jsp?type=ENTREZ_GENE_ID&ids=110033&tool=geneReport
Tyk2	Tyk2	-0.155088304587357	0.0067125757866962	0.144737526572536	tyrosine kinase 2(Tyk2)	https://davidbioinformatics.nih.gov/api.jsp?type=ENTREZ_GENE_ID&ids=54721&tool=geneReport
Sirt7	Sirt7	-0.145204997522489	0.0067681020015449	0.144737526572536	sirtuin 7(Sirt7)	https://davidbioinformatics.nih.gov/api.jsp?type=ENTREZ_GENE_ID&ids=209011&tool=geneReport
Nrip1	Nrip1	0.119393373070338	0.0068169750891035	0.14513197146466	nuclear receptor interacting protein 1(Nrip1)	https://davidbioinformatics.nih.gov/api.jsp?type=ENTREZ_GENE_ID&ids=268903&tool=geneReport
Lig4	Lig4	0.0939822991889961	0.0068335244419228	0.14513197146466	ligase IV, DNA, ATP-dependent(Lig4)	https://davidbioinformatics.nih.gov/api.jsp?type=ENTREZ_GENE_ID&ids=319583&tool=geneReport
Zfp72	Zfp72	0.151778258297463	0.0068506451968939	0.145196480100684	zinc finger protein 72(Zfp72)	https://davidbioinformatics.nih.gov/api.jsp?type=ENTREZ_GENE_ID&ids=238722&tool=geneReport
Rgs7bp	Rgs7bp	0.116233895359106	0.007009540576409	0.14657450026741	regulator of G-protein signalling 7 binding protein(Rgs7bp)	https://davidbioinformatics.nih.gov/api.jsp?type=ENTREZ_GENE_ID&ids=52882&tool=geneReport
Usp25	Usp25	0.117665230623595	0.0070087451908355	0.14657450026741	ubiquitin specific peptidase 25(Usp25)	https://davidbioinformatics.nih.gov/api.jsp?type=ENTREZ_GENE_ID&ids=30940&tool=geneReport
Hnrnpk	Hnrnpk	0.0657570892947394	0.0069691718513355	0.14657450026741	heterogeneous nuclear ribonucleoprotein K(Hnrnpk)	https://davidbioinformatics.nih.gov/api.jsp?type=ENTREZ_GENE_ID&ids=15387&tool=geneReport
Nr1d2	Nr1d2	0.0856061862413269	0.0070187873336282	0.146604235766844	nuclear receptor subfamily 1, group D, member 2(Nr1d2)	https://davidbioinformatics.nih.gov/api.jsp?type=ENTREZ_GENE_ID&ids=353187&tool=geneReport
Hnrnpa3	Hnrnpa3	0.0676527486938521	0.0070310185974324	0.146696174211019	heterogeneous nuclear ribonucleoprotein A3(Hnrnpa3)	https://davidbioinformatics.nih.gov/api.jsp?type=ENTREZ_GENE_ID&ids=229279&tool=geneReport
Lmo3	Lmo3	0.0693105821390118	0.0070390964830083	0.146701347837202	LIM domain only 3(Lmo3)	https://davidbioinformatics.nih.gov/api.jsp?type=ENTREZ_GENE_ID&ids=109593&tool=geneReport
Tmem33	Tmem33	0.0752680215817018	0.0071314849620793	0.147152876044259	transmembrane protein 33(Tmem33)	https://davidbioinformatics.nih.gov/api.jsp?type=ENTREZ_GENE_ID&ids=67878&tool=geneReport
Hspb2	Hspb2	-0.345416818938797	0.007115554424902	0.147152876044259	heat shock protein 2(Hspb2)	https://davidbioinformatics.nih.gov/api.jsp?type=ENTREZ_GENE_ID&ids=69253&tool=geneReport
Ddb1	Ddb1	0.0466081366332288	0.0071775397658245	0.147292864241499	damage specific DNA binding protein 1(Ddb1)	https://davidbioinformatics.nih.gov/api.jsp?type=ENTREZ_GENE_ID&ids=13194&tool=geneReport
Zfhx2	Zfhx2	-0.112133009545146	0.0071960164331988	0.147510463777258	zinc finger homeobox 2(Zfhx2)	https://davidbioinformatics.nih.gov/api.jsp?type=ENTREZ_GENE_ID&ids=239102&tool=geneReport
Prpf40b	Prpf40b	-0.0986969116848588	0.0072790886634295	0.148191087078981	pre-mRNA processing factor 40B(Prpf40b)	https://davidbioinformatics.nih.gov/api.jsp?type=ENTREZ_GENE_ID&ids=54614&tool=geneReport
Rad21	Rad21	0.0774831581602478	0.0073294069981833	0.148510851708445	RAD21 cohesin complex component(Rad21)	https://davidbioinformatics.nih.gov/api.jsp?type=ENTREZ_GENE_ID&ids=19357&tool=geneReport
Stk19	Stk19	-0.110580408614678	0.0073389045939857	0.148510851708445	serine/threonine kinase 19(Stk19)	https://davidbioinformatics.nih.gov/api.jsp?type=ENTREZ_GENE_ID&ids=54402&tool=geneReport
Wasl	Wasl	0.0774012937690228	0.0073399364155647	0.148510851708445	WASP like actin nucleation promoting factor(Wasl)	https://davidbioinformatics.nih.gov/api.jsp?type=ENTREZ_GENE_ID&ids=73178&tool=geneReport
Bnip3l	Bnip3l	0.0537886479468419	0.0075611386894471	0.149910576175112	BCL2/adenovirus E1B interacting protein 3-like(Bnip3l)	https://davidbioinformatics.nih.gov/api.jsp?type=ENTREZ_GENE_ID&ids=12177&tool=geneReport
Ankrd11	Ankrd11	-0.0602435165139852	0.0075098477601443	0.149910576175112	ankyrin repeat domain 11(Ankrd11)	https://davidbioinformatics.nih.gov/api.jsp?type=ENTREZ_GENE_ID&ids=77087&tool=geneReport
Gm29609	Gm29609	-0.345894487746552	0.0074805560062873	0.149910576175112	predicted gene 29609(Gm29609)	https://davidbioinformatics.nih.gov/api.jsp?type=ENTREZ_GENE_ID&ids=115482680&tool=geneReport
Mybbp1a	Mybbp1a	-0.0604909798218872	0.0078934416388788	0.153893363731565	MYB binding protein (P160) 1a(Mybbp1a)	https://davidbioinformatics.nih.gov/api.jsp?type=ENTREZ_GENE_ID&ids=18432&tool=geneReport
Mtmr2	Mtmr2	0.0714823404607604	0.0079566873088655	0.154643665372309	myotubularin related protein 2(Mtmr2)	https://davidbioinformatics.nih.gov/api.jsp?type=ENTREZ_GENE_ID&ids=77116&tool=geneReport
Zmym3	Zmym3	-0.0897872648281217	0.0081096635679496	0.155718021286715	zinc finger, MYM-type 3(Zmym3)	https://davidbioinformatics.nih.gov/api.jsp?type=ENTREZ_GENE_ID&ids=56364&tool=geneReport
Trub1	Trub1	-0.0702474821294746	0.0080873207467158	0.155718021286715	TruB pseudouridine (psi) synthase family member 1(Trub1)	https://davidbioinformatics.nih.gov/api.jsp?type=ENTREZ_GENE_ID&ids=72133&tool=geneReport
Ankrd45	Ankrd45	0.127328045751957	0.008096132515632	0.155718021286715	ankyrin repeat domain 45(Ankrd45)	https://davidbioinformatics.nih.gov/api.jsp?type=ENTREZ_GENE_ID&ids=73844&tool=geneReport
Nr6a1	Nr6a1	-0.167699076924585	0.0081525960970896	0.155920638864845	nuclear receptor subfamily 6, group A, member 1(Nr6a1)	https://davidbioinformatics.nih.gov/api.jsp?type=ENTREZ_GENE_ID&ids=14536&tool=geneReport
Api5	Api5	0.0760979928825262	0.0081850967134058	0.155920638864845	apoptosis inhibitor 5(Api5)	https://davidbioinformatics.nih.gov/api.jsp?type=ENTREZ_GENE_ID&ids=11800&tool=geneReport
Cpeb1	Cpeb1	-0.111858909252688	0.0081854354065108	0.155920638864845	cytoplasmic polyadenylation element binding protein 1(Cpeb1)	https://davidbioinformatics.nih.gov/api.jsp?type=ENTREZ_GENE_ID&ids=12877&tool=geneReport
Prrx1	Prrx1	-0.119211849707537	0.0081868329019423	0.155920638864845	paired related homeobox 1(Prrx1)	https://davidbioinformatics.nih.gov/api.jsp?type=ENTREZ_GENE_ID&ids=18933&tool=geneReport
Zfp57	Zfp57	-0.213681967460458	0.0082095129897115	0.155920638864845	zinc finger protein 57(Zfp57)	https://davidbioinformatics.nih.gov/api.jsp?type=ENTREZ_GENE_ID&ids=22715&tool=geneReport
Pole4	Pole4	0.0756038078211607	0.0082226009197392	0.155920638864845	polymerase (DNA-directed), epsilon 4 (p12 subunit)(Pole4)	https://davidbioinformatics.nih.gov/api.jsp?type=ENTREZ_GENE_ID&ids=66979&tool=geneReport
Ppm1a	Ppm1a	0.0717825030754318	0.00829473782843	0.155955087576951	protein phosphatase 1A, magnesium dependent, alpha isoform(Ppm1a)	https://davidbioinformatics.nih.gov/api.jsp?type=ENTREZ_GENE_ID&ids=19042&tool=geneReport
Actr3	Actr3	0.0856936560170771	0.0082887638096025	0.155955087576951	ARP3 actin-related protein 3(Actr3)	https://davidbioinformatics.nih.gov/api.jsp?type=ENTREZ_GENE_ID&ids=74117&tool=geneReport
Snrnp70	Snrnp70	-0.114798994958253	0.0083586152946557	0.15676377994061	small nuclear ribonucleoprotein 70 (U1)(Snrnp70)	https://davidbioinformatics.nih.gov/api.jsp?type=ENTREZ_GENE_ID&ids=20637&tool=geneReport
Rrp1b	Rrp1b	-0.106429915345504	0.0083821128838514	0.156890376615226	ribosomal RNA processing 1B(Rrp1b)	https://davidbioinformatics.nih.gov/api.jsp?type=ENTREZ_GENE_ID&ids=72462&tool=geneReport
Crtc2	Crtc2	-0.102372075947852	0.0084702670072894	0.157595752381902	CREB regulated transcription coactivator 2(Crtc2)	https://davidbioinformatics.nih.gov/api.jsp?type=ENTREZ_GENE_ID&ids=74343&tool=geneReport
Sfswap	Sfswap	-0.133898665634396	0.0085312973569935	0.157939376398144	splicing factor SWAP(Sfswap)	https://davidbioinformatics.nih.gov/api.jsp?type=ENTREZ_GENE_ID&ids=231769&tool=geneReport
Fabp3	Fabp3	0.112257483347001	0.0085738347289759	0.158265386681865	fatty acid binding protein 3, muscle and heart(Fabp3)	https://davidbioinformatics.nih.gov/api.jsp?type=ENTREZ_GENE_ID&ids=14077&tool=geneReport
Celf3	Celf3	-0.114456585559431	0.0087435686392619	0.159718575181921	CUGBP, Elav-like family member 3(Celf3)	https://davidbioinformatics.nih.gov/api.jsp?type=ENTREZ_GENE_ID&ids=78784&tool=geneReport
Naif1	Naif1	0.107250171645406	0.0087725135117328	0.159718575181921	nuclear apoptosis inducing factor 1(Naif1)	https://davidbioinformatics.nih.gov/api.jsp?type=ENTREZ_GENE_ID&ids=71254&tool=geneReport
Commd1	Commd1	0.0716354540796882	0.008920055169097	0.160389782771787	COMM domain containing 1(Commd1)	https://davidbioinformatics.nih.gov/api.jsp?type=ENTREZ_GENE_ID&ids=17846&tool=geneReport
Mafk	Mafk	0.112211347684834	0.0090030369074355	0.161095559744385	v-maf musculoaponeurotic fibrosarcoma oncogene family, protein K (avian)(Mafk)	https://davidbioinformatics.nih.gov/api.jsp?type=ENTREZ_GENE_ID&ids=17135&tool=geneReport
Ascc2	Ascc2	-0.118252002655802	0.0090108959549592	0.161095559744385	activating signal cointegrator 1 complex subunit 2(Ascc2)	https://davidbioinformatics.nih.gov/api.jsp?type=ENTREZ_GENE_ID&ids=75452&tool=geneReport
Strn3	Strn3	0.0661795617064714	0.0090596692901433	0.161536740178029	striatin, calmodulin binding protein 3(Strn3)	https://davidbioinformatics.nih.gov/api.jsp?type=ENTREZ_GENE_ID&ids=94186&tool=geneReport
Stk38	Stk38	-0.101244083264718	0.0092467116604329	0.163112287869273	serine/threonine kinase 38(Stk38)	https://davidbioinformatics.nih.gov/api.jsp?type=ENTREZ_GENE_ID&ids=106504&tool=geneReport
Rai2	Rai2	0.184909129543927	0.0093423977460206	0.163890803365787	retinoic acid induced 2(Rai2)	https://davidbioinformatics.nih.gov/api.jsp?type=ENTREZ_GENE_ID&ids=24004&tool=geneReport
Prkcb	Prkcb	0.123360627961489	0.0094454389087371	0.164494026738182	protein kinase C, beta(Prkcb)	https://davidbioinformatics.nih.gov/api.jsp?type=ENTREZ_GENE_ID&ids=18751&tool=geneReport
Alkbh3	Alkbh3	-0.136718329908304	0.0096015489960671	0.165648823195501	alkB homolog 3, alpha-ketoglutarate-dependent dioxygenase(Alkbh3)	https://davidbioinformatics.nih.gov/api.jsp?type=ENTREZ_GENE_ID&ids=69113&tool=geneReport
Kdm4c	Kdm4c	0.0889057613044091	0.0096292592101561	0.165821507869013	lysine (K)-specific demethylase 4C(Kdm4c)	https://davidbioinformatics.nih.gov/api.jsp?type=ENTREZ_GENE_ID&ids=76804&tool=geneReport
Hnrnpu	Hnrnpu	-0.0662072188826927	0.0096475920782699	0.165924156689134	heterogeneous nuclear ribonucleoprotein U(Hnrnpu)	https://davidbioinformatics.nih.gov/api.jsp?type=ENTREZ_GENE_ID&ids=51810&tool=geneReport
Snx6	Snx6	0.0903700547142337	0.0096625004448212	0.165924156689134	sorting nexin 6(Snx6)	https://davidbioinformatics.nih.gov/api.jsp?type=ENTREZ_GENE_ID&ids=72183&tool=geneReport
Ppm1b	Ppm1b	0.0658203983963403	0.0097060672358716	0.165924156689134	protein phosphatase 1B, magnesium dependent, beta isoform(Ppm1b)	https://davidbioinformatics.nih.gov/api.jsp?type=ENTREZ_GENE_ID&ids=19043&tool=geneReport
Hnrnpa1	Hnrnpa1	0.0658465173062437	0.0096974680127376	0.165924156689134	heterogeneous nuclear ribonucleoprotein A1(Hnrnpa1)	https://davidbioinformatics.nih.gov/api.jsp?type=ENTREZ_GENE_ID&ids=15382&tool=geneReport
Usp1	Usp1	0.100548492500995	0.0097334685636825	0.166089496365351	ubiquitin specific peptidase 1(Usp1)	https://davidbioinformatics.nih.gov/api.jsp?type=ENTREZ_GENE_ID&ids=230484&tool=geneReport
Spopl	Spopl	0.0884329548729482	0.009760420462337	0.166225738262414	speckle-type BTB/POZ protein-like(Spopl)	https://davidbioinformatics.nih.gov/api.jsp?type=ENTREZ_GENE_ID&ids=76857&tool=geneReport
Zfp740	Zfp740	-0.0707582797443909	0.0098856326243389	0.167012815914891	zinc finger protein 740(Zfp740)	https://davidbioinformatics.nih.gov/api.jsp?type=ENTREZ_GENE_ID&ids=68744&tool=geneReport
Zbtb41	Zbtb41	0.102167398374743	0.0098832582628351	0.167012815914891	zinc finger and BTB domain containing 41(Zbtb41)	https://davidbioinformatics.nih.gov/api.jsp?type=ENTREZ_GENE_ID&ids=226470&tool=geneReport
Gm15446	Gm15446	-0.0907799218377444	0.0099455920812545	0.167723324243371	predicted gene 15446(Gm15446)	https://davidbioinformatics.nih.gov/api.jsp?type=ENTREZ_GENE_ID&ids=100642166&tool=geneReport
Dld	Dld	0.0829308016298373	0.0099791841699042	0.167836619934764	dihydrolipoamide dehydrogenase(Dld)	https://davidbioinformatics.nih.gov/api.jsp?type=ENTREZ_GENE_ID&ids=13382&tool=geneReport
Gm14308	Gm14308	1.97563382558135	0.0012501298628334	1.0	predicted gene 14308(Gm14308)	https://davidbioinformatics.nih.gov/api.jsp?type=ENTREZ_GENE_ID&ids=100043381&tool=geneReport
Rny1	Rny1	1.98521202240337	0.0005181954555742	1.0	RNA, Y1 small cytoplasmic, Ro-associated(Rny1)	https://davidbioinformatics.nih.gov/api.jsp?type=ENTREZ_GENE_ID&ids=19872&tool=geneReport
